carrier,delay_vs_estimate
SwiftPost,0.16170254848258647
GlobalParcel,0.16893762820930786
EcoFreight,0.20431398514996044
RapidLog,0.44857110970436964
ExpressShip,0.5053996483828456
